FeatureSet,Method,Threshold,ThresholdUnit,Recall,Precision,F1,TrueNegatives,FalsePositives,FalseNegatives,TruePositives
Day0_Context,RegressionMargin,-500.0,psi,0.0030857848179386958,0.38461538461538464,0.006122448979591836,76624,24,4846,15
Day0_Context,RegressionMargin,-450.0,psi,0.0030857848179386958,0.375,0.006121199755152009,76623,25,4846,15
Day0_Context,RegressionMargin,-400.0,psi,0.0030857848179386958,0.36585365853658536,0.006119951040391677,76622,26,4846,15
Day0_Context,RegressionMargin,-350.0,psi,0.003702941781526435,0.4090909090909091,0.007339449541284404,76622,26,4843,18
Day0_Context,RegressionMargin,-300.0,psi,0.003908660769389015,0.38,0.007737731622887396,76617,31,4842,19
Day0_Context,RegressionMargin,-250.0,psi,0.005348693684427073,0.4482758620689655,0.010571254319983736,76616,32,4835,26
Day0_Context,RegressionMargin,-200.0,psi,0.00699444558732771,0.4927536231884058,0.013793103448275862,76613,35,4827,34
Day0_Context,RegressionMargin,-150.0,psi,0.012137420283892203,0.5514018691588785,0.023752012882447666,76600,48,4802,59
Day0_Context,RegressionMargin,-100.0,psi,0.017691832956181857,0.5375,0.03425612427803226,76574,74,4775,86
Day0_Context,RegressionMargin,-50.0,psi,0.024069121579921828,0.4978723404255319,0.04591836734693878,76530,118,4744,117
Day0_Context,RegressionMargin,0.0,psi,0.03373791400946307,0.49848024316109424,0.06319845857418112,76483,165,4697,164
Day0_Context,RegressionMargin,50.0,psi,0.04422958239045464,0.46943231441048033,0.08084226358338034,76405,243,4646,215
Day0_Context,RegressionMargin,100.0,psi,0.05760131660152232,0.426179604261796,0.10148604566872055,76271,377,4581,280
Day0_Context,RegressionMargin,150.0,psi,0.07035589384900226,0.3847019122609674,0.11895652173913043,76101,547,4519,342
Day0_Context,RegressionMargin,200.0,psi,0.08557909895083317,0.3623693379790941,0.13845897819936762,75916,732,4445,416
Day0_Context,RegressionMargin,250.0,psi,0.10532812178564081,0.33551769331585846,0.16032566149992172,75634,1014,4349,512
Day0_Context,RegressionMargin,300.0,psi,0.1236371117054104,0.3109156751163994,0.1769208124816014,75316,1332,4260,601
Day0_Context,RegressionMargin,350.0,psi,0.14729479530960707,0.29070239545269994,0.1955215729109776,74901,1747,4145,716
Day0_Context,RegressionMargin,400.0,psi,0.1725982308167044,0.2720492866407263,0.21120201384518564,74403,2245,4022,839
Day0_Context,RegressionMargin,450.0,psi,0.20839333470479326,0.26081359423274975,0.2316752429959977,73777,2871,3848,1013
Day0_Context,RegressionMargin,500.0,psi,0.245217033532195,0.24381264062180405,0.2445128205128205,72951,3697,3669,1192
Day0_Context,RegressionMargin,550.0,psi,0.2808064184324213,0.22784176264396594,0.25156653151492814,72022,4626,3496,1365
Day0_Context,RegressionMargin,600.0,psi,0.3221559349927998,0.21136455662032663,0.2552567237163814,70805,5843,3295,1566
Day0_Context,RegressionMargin,650.0,psi,0.3618596996502777,0.1951625429934539,0.2535678247080871,69394,7254,3102,1759
Day0_Context,RegressionMargin,700.0,psi,0.40423781114996915,0.17941928414901387,0.24852969076076645,67661,8987,2896,1965
Day0_Context,RegressionMargin,750.0,psi,0.45278749228553794,0.16680560818491852,0.24379707576428888,65654,10994,2660,2201
Day0_Context,RegressionMargin,800.0,psi,0.4957827607488171,0.15470535370394145,0.23582367043397426,63480,13168,2451,2410
Day0_Context,RegressionMargin,850.0,psi,0.5356922443941576,0.14295909964315126,0.22568902756110246,61037,15611,2257,2604
Day0_Context,RegressionMargin,900.0,psi,0.5737502571487348,0.13322824113881723,0.21624345803450282,58503,18145,2072,2789
Day0_Context,RegressionMargin,950.0,psi,0.6060481382431598,0.12450868517814125,0.2065773788654372,55933,20715,1915,2946
Day0_Context,RegressionMargin,1000.0,psi,0.642666118082699,0.11727166935695785,0.19834920634920636,53133,23515,1737,3124
Day0_Context,RegressionMargin,1050.0,psi,0.6745525612013988,0.11088566500963783,0.19046236059479554,50356,26292,1582,3279
Day0_Context,RegressionMargin,1100.0,psi,0.7035589384900226,0.10454239775019869,0.18203592814371258,47354,29294,1441,3420
Day0_Context,RegressionMargin,1150.0,psi,0.7344167866694096,0.09965386333184457,0.17549465404940395,44394,32254,1291,3570
Day0_Context,RegressionMargin,1200.0,psi,0.7609545361036824,0.09492647624913388,0.16879620334033038,41380,35268,1162,3699
Day0_Context,RegressionMargin,1250.0,psi,0.7895494754165809,0.09124625552755457,0.163587153421563,38424,38224,1023,3838
Day0_Context,RegressionMargin,1300.0,psi,0.8140300349722279,0.08773446853798057,0.15839721393831435,35503,41145,904,3957
Day0_Context,RegressionMargin,1350.0,psi,0.8395391894671879,0.08485113107119095,0.15412504484770664,32633,44015,780,4081
Day0_Context,RegressionMargin,1400.0,psi,0.8592882123019955,0.08213386817681297,0.14993628515533858,29969,46679,684,4177
Day0_Context,RegressionMargin,1450.0,psi,0.8763628882945896,0.07972601201504688,0.1461556935533674,27475,49173,601,4260
Day0_Context,RegressionMargin,1500.0,psi,0.8885003085784818,0.0771690966266438,0.14200463594667018,24999,51649,542,4319
Day0_Context,DirectClassifier,0.05,probability,0.9909483645340464,0.06668974110480409,0.12496919225331102,9235,67413,44,4817
Day0_Context,DirectClassifier,0.075,probability,0.9841596379345814,0.07003367003367003,0.13076218720531357,13122,63526,77,4784
Day0_Context,DirectClassifier,0.1,probability,0.9738736885414524,0.07311987396320838,0.13602666513418768,16639,60009,127,4734
Day0_Context,DirectClassifier,0.125,probability,0.9607076733182472,0.07621752186969578,0.14123055055721048,20046,56602,191,4670
Day0_Context,DirectClassifier,0.15,probability,0.9475416580950422,0.0793235283987187,0.1463918508748232,23188,53460,255,4606
Day0_Context,DirectClassifier,0.175,probability,0.9333470479325242,0.08249840894626784,0.15159716653301256,26190,50458,324,4537
Day0_Context,DirectClassifier,0.2,probability,0.9179181238428307,0.08576975568498549,0.15688066943252935,29087,47561,399,4462
Day0_Context,DirectClassifier,0.225,probability,0.9022834807652746,0.08937522924562905,0.16264021507369983,31960,44688,475,4386
Day0_Context,DirectClassifier,0.25,probability,0.8815058629911541,0.09278104971418673,0.16789107650112645,34749,41899,576,4285
Day0_Context,DirectClassifier,0.275,probability,0.8621682781320716,0.0968323282733763,0.17410992480578288,37558,39090,670,4191
Day0_Context,DirectClassifier,0.3,probability,0.8430364122608517,0.10141556127499506,0.18105105038768252,40338,36310,763,4098
Day0_Context,DirectClassifier,0.325,probability,0.8228759514503189,0.10591817820733483,0.18767888143386666,42883,33765,861,4000
Day0_Context,DirectClassifier,0.35,probability,0.8029212096276487,0.11046955931052051,0.19421775477707007,45220,31428,958,3903
Day0_Context,DirectClassifier,0.375,probability,0.7782349310841391,0.11468501788637604,0.19991016461014083,47445,29203,1078,3783
Day0_Context,DirectClassifier,0.4,probability,0.7500514297469656,0.11907639047650152,0.20552423900789177,49675,26973,1215,3646
Day0_Context,DirectClassifier,0.425,probability,0.7247479942398684,0.12482284580498866,0.21296660117878194,51947,24701,1338,3523
Day0_Context,DirectClassifier,0.45,probability,0.6953301789755194,0.13071895424836602,0.22006641057360504,54171,22477,1481,3380
Day0_Context,DirectClassifier,0.475,probability,0.6615922649660564,0.13633473229047438,0.22608084358523725,56275,20373,1645,3216
Day0_Context,DirectClassifier,0.5,probability,0.629500102859494,0.14258422254321793,0.23250512878960566,58247,18401,1801,3060
Day0_Context,DirectClassifier,0.525,probability,0.5957621888500308,0.14944782743317164,0.23895375221750073,60166,16482,1965,2896
Day0_Context,DirectClassifier,0.55,probability,0.5605842419255297,0.15722363258712208,0.2455729284008471,62041,14607,2136,2725
Day0_Context,DirectClassifier,0.575,probability,0.5227319481588151,0.16648103256240582,0.2525342874180084,63926,12722,2320,2541
Day0_Context,DirectClassifier,0.6,probability,0.4817938695741617,0.17552274600914336,0.25730608657437926,65647,11001,2519,2342
Day0_Context,DirectClassifier,0.625,probability,0.4412672289652335,0.18613328705310656,0.26182483979249316,67269,9379,2716,2145
Day0_Context,DirectClassifier,0.65,probability,0.40197490228348076,0.1993674114886236,0.266539353430637,68801,7847,2907,1954
Day0_Context,DirectClassifier,0.675,probability,0.36350545155317837,0.21407802277683546,0.26946244757910787,70161,6487,3094,1767
Day0_Context,DirectClassifier,0.7,probability,0.322567372968525,0.22967628533763,0.2683093771389459,71389,5259,3293,1568
Day0_Context,DirectClassifier,0.725,probability,0.27936638551738324,0.25222882615156017,0.26510492923377255,72622,4026,3503,1358
Day0_Context,DirectClassifier,0.75,probability,0.2363711170541041,0.2729216152019002,0.2533348032190497,73587,3061,3712,1149
Day0_Context,DirectClassifier,0.775,probability,0.19584447644517589,0.2956521739130435,0.23561440415790125,74380,2268,3909,952
Day0_Context,DirectClassifier,0.8,probability,0.16148940547212506,0.33178360101437027,0.21724090217240902,75067,1581,4076,785
Day0_Context,DirectClassifier,0.825,probability,0.12445998765686073,0.37116564417177916,0.18641195501463564,75623,1025,4256,605
Day0_Context,DirectClassifier,0.85,probability,0.09442501542892409,0.4157608695652174,0.15389773679798827,76003,645,4402,459
Day0_Context,DirectClassifier,0.875,probability,0.0699444558732771,0.45454545454545453,0.1212337315029417,76240,408,4521,340
Day0_Context,DirectClassifier,0.9,probability,0.05019543303846945,0.5304347826086957,0.09171208419470024,76432,216,4617,244
Day0_Context,DirectClassifier,0.925,probability,0.028594939312898582,0.6069868995633187,0.054616895874263265,76558,90,4722,139
Day0_Context,DirectClassifier,0.95,probability,0.010903106356716725,0.6625,0.021453147136207246,76621,27,4808,53
Day0_FieldPlusRequired,RegressionMargin,-500.0,psi,0.004320098745114174,0.44680851063829785,0.008557457212713936,76622,26,4840,21
Day0_FieldPlusRequired,RegressionMargin,-450.0,psi,0.004525817732976754,0.43137254901960786,0.008957654723127036,76619,29,4839,22
Day0_FieldPlusRequired,RegressionMargin,-400.0,psi,0.004731536720839333,0.4339622641509434,0.009361009361009361,76618,30,4838,23
Day0_FieldPlusRequired,RegressionMargin,-350.0,psi,0.004937255708701913,0.42857142857142855,0.009762050030506406,76616,32,4837,24
Day0_FieldPlusRequired,RegressionMargin,-300.0,psi,0.005760131660152232,0.4444444444444444,0.011372867587327376,76613,35,4833,28
Day0_FieldPlusRequired,RegressionMargin,-250.0,psi,0.0061715696358773916,0.45454545454545453,0.012177795818956769,76612,36,4831,30
Day0_FieldPlusRequired,RegressionMargin,-200.0,psi,0.006583007611602551,0.4507042253521127,0.012976480129764802,76609,39,4829,32
Day0_FieldPlusRequired,RegressionMargin,-150.0,psi,0.008434478502365768,0.47674418604651164,0.016575702445926824,76603,45,4820,41
Day0_FieldPlusRequired,RegressionMargin,-100.0,psi,0.010285949393128985,0.49019607843137253,0.02014910336490026,76596,52,4811,50
Day0_FieldPlusRequired,RegressionMargin,-50.0,psi,0.013783172186792841,0.5193798449612403,0.026853707414829658,76586,62,4794,67
Day0_FieldPlusRequired,RegressionMargin,0.0,psi,0.019543303846945075,0.536723163841808,0.03771337832473204,76566,82,4766,95
Day0_FieldPlusRequired,RegressionMargin,50.0,psi,0.025920592470685046,0.4827586206896552,0.049199531433033974,76513,135,4735,126
Day0_FieldPlusRequired,RegressionMargin,100.0,psi,0.03456078996091339,0.4540540540540541,0.06423246033263239,76446,202,4693,168
Day0_FieldPlusRequired,RegressionMargin,150.0,psi,0.04546389631763012,0.4032846715328467,0.08171565908670735,76321,327,4640,221
Day0_FieldPlusRequired,RegressionMargin,200.0,psi,0.05636700267434684,0.3463969658659924,0.09695682944090588,76131,517,4587,274
Day0_FieldPlusRequired,RegressionMargin,250.0,psi,0.07076733182472743,0.31358249772105745,0.11547499160792213,75895,753,4517,344
Day0_FieldPlusRequired,RegressionMargin,300.0,psi,0.08804772680518412,0.2878278412911903,0.1348456206679269,75589,1059,4433,428
Day0_FieldPlusRequired,RegressionMargin,350.0,psi,0.10265377494342728,0.25895173845355474,0.1470241602828521,75220,1428,4362,499
Day0_FieldPlusRequired,RegressionMargin,400.0,psi,0.1217856408146472,0.24749163879598662,0.1632427960843789,74848,1800,4269,592
Day0_FieldPlusRequired,RegressionMargin,450.0,psi,0.14112322567372967,0.23452991452991453,0.17621371692781918,74409,2239,4175,686
Day0_FieldPlusRequired,RegressionMargin,500.0,psi,0.16087224850853735,0.22785547785547786,0.18859278909924032,73998,2650,4079,782
Day0_FieldPlusRequired,RegressionMargin,550.0,psi,0.18699855996708495,0.21983071342200725,0.2020898176967541,73422,3226,3952,909
Day0_FieldPlusRequired,RegressionMargin,600.0,psi,0.21003908660769388,0.20688956433637284,0.20845242956308696,72734,3914,3840,1021
Day0_FieldPlusRequired,RegressionMargin,650.0,psi,0.23657683604196666,0.19406007424907187,0.21321961620469082,71872,4776,3711,1150
Day0_FieldPlusRequired,RegressionMargin,700.0,psi,0.2738119728450936,0.18537604456824514,0.22107798355618305,70799,5849,3530,1331
Day0_FieldPlusRequired,RegressionMargin,750.0,psi,0.3139271754782966,0.1771329077190946,0.22647669931730482,69559,7089,3335,1526
Day0_FieldPlusRequired,RegressionMargin,800.0,psi,0.3540423781114997,0.1678369416812951,0.22772080714521997,68115,8533,3140,1721
Day0_FieldPlusRequired,RegressionMargin,850.0,psi,0.39107179592676405,0.1564995472133037,0.22354186265286924,66402,10246,2960,1901
Day0_FieldPlusRequired,RegressionMargin,900.0,psi,0.4350956593293561,0.14718162839248433,0.21995736051167386,64393,12255,2746,2115
Day0_FieldPlusRequired,RegressionMargin,950.0,psi,0.4807652746348488,0.13637955182072828,0.21248352048006547,61849,14799,2524,2337
Day0_FieldPlusRequired,RegressionMargin,1000.0,psi,0.5254062950010286,0.12557773625725244,0.20270645660542086,58864,17784,2307,2554
Day0_FieldPlusRequired,RegressionMargin,1050.0,psi,0.5634643077556059,0.11534574244083214,0.19149159296675639,55641,21007,2122,2739
Day0_FieldPlusRequired,RegressionMargin,1100.0,psi,0.6037852293766715,0.10685549932646449,0.1815763424894828,52116,24532,1926,2935
Day0_FieldPlusRequired,RegressionMargin,1150.0,psi,0.6496605636700268,0.1003942014242116,0.17391304347826086,48350,28298,1703,3158
Day0_FieldPlusRequired,RegressionMargin,1200.0,psi,0.6908043612425427,0.09497949370668929,0.1669982096677939,44651,31997,1503,3358
Day0_FieldPlusRequired,RegressionMargin,1250.0,psi,0.7259823081670438,0.09016812305176555,0.16041273665310576,41039,35609,1332,3529
Day0_FieldPlusRequired,RegressionMargin,1300.0,psi,0.7660975108002469,0.08662479646429402,0.1556498296796305,37382,39266,1137,3724
Day0_FieldPlusRequired,RegressionMargin,1350.0,psi,0.7986011108825345,0.08316551694588457,0.15064320223520053,33852,42796,979,3882
Day0_FieldPlusRequired,RegressionMargin,1400.0,psi,0.8230816704381815,0.07950322901142573,0.14500054361613451,30324,46324,860,4001
Day0_FieldPlusRequired,RegressionMargin,1450.0,psi,0.8452993211273401,0.0765690220632081,0.14041862451943612,27093,49555,752,4109
Day0_FieldPlusRequired,RegressionMargin,1500.0,psi,0.8668998148529109,0.07423719258685083,0.13676267748478702,24098,52550,647,4214
Day0_FieldPlusRequired,DirectClassifier,0.05,probability,0.9969142151820614,0.06178836909816522,0.11636450954496338,3065,73583,15,4846
Day0_FieldPlusRequired,DirectClassifier,0.075,probability,0.9944455873277104,0.06271243610700293,0.1179844526073002,4400,72248,27,4834
Day0_FieldPlusRequired,DirectClassifier,0.1,probability,0.9903312075704588,0.06382245320040303,0.11991680055798429,6034,70614,47,4814
Day0_FieldPlusRequired,DirectClassifier,0.125,probability,0.9841596379345814,0.06516379486480964,0.12223414584291481,8017,68631,77,4784
Day0_FieldPlusRequired,DirectClassifier,0.15,probability,0.9751080024686278,0.066794430979088,0.12502472799208705,10424,66224,121,4740
Day0_FieldPlusRequired,DirectClassifier,0.175,probability,0.9646163340876363,0.06890521675238795,0.12862256723951118,13287,63361,172,4689
Day0_FieldPlusRequired,DirectClassifier,0.2,probability,0.9530960707673318,0.07152782066324956,0.1330690908046472,16509,60139,228,4633
Day0_FieldPlusRequired,DirectClassifier,0.225,probability,0.9331413289446616,0.0740402193784278,0.13719470699432892,19920,56728,325,4536
Day0_FieldPlusRequired,DirectClassifier,0.25,probability,0.9142151820613043,0.07737307611950693,0.14267139669647014,23656,52992,417,4444
Day0_FieldPlusRequired,DirectClassifier,0.275,probability,0.8936432832750463,0.08096924510717614,0.14848490027516192,27342,49306,517,4344
Day0_FieldPlusRequired,DirectClassifier,0.3,probability,0.8681341287800864,0.08465226374596296,0.15426231905249305,31017,45631,641,4220
Day0_FieldPlusRequired,DirectClassifier,0.325,probability,0.8465336350545155,0.08934969058734123,0.16163877759446932,34708,41940,746,4115
Day0_FieldPlusRequired,DirectClassifier,0.35,probability,0.8181444147294795,0.09387687659333396,0.16842773954473267,38261,38387,884,3977
Day0_FieldPlusRequired,DirectClassifier,0.375,probability,0.7891380374408558,0.09884305186941174,0.17568124570643462,41675,34973,1025,3836
Day0_FieldPlusRequired,DirectClassifier,0.4,probability,0.7545772474799424,0.10337344643913987,0.1818362086059885,44833,31815,1193,3668
Day0_FieldPlusRequired,DirectClassifier,0.425,probability,0.717547829664678,0.10857587548638133,0.1886119072081328,48011,28637,1373,3488
Day0_FieldPlusRequired,DirectClassifier,0.45,probability,0.678872659946513,0.11411577564146898,0.19538766689363213,51030,25618,1561,3300
Day0_FieldPlusRequired,DirectClassifier,0.475,probability,0.6418432421312487,0.12071967498549042,0.20321761219305673,53923,22725,1741,3120
Day0_FieldPlusRequired,DirectClassifier,0.5,probability,0.608928204073236,0.12861177492939388,0.21236906299325584,56593,20055,1901,2960
Day0_FieldPlusRequired,DirectClassifier,0.525,probability,0.5657272166220942,0.1354346220142822,0.21854883573074785,59093,17555,2111,2750
Day0_FieldPlusRequired,DirectClassifier,0.55,probability,0.5233491051224028,0.1445947482096169,0.2265865063460254,61598,15050,2317,2544
Day0_FieldPlusRequired,DirectClassifier,0.575,probability,0.4815881505862991,0.153086581218938,0.23232273110703122,63697,12951,2520,2341
Day0_FieldPlusRequired,DirectClassifier,0.6,probability,0.43571281629294384,0.16214974735875057,0.23634436199296993,65704,10944,2743,2118
Day0_FieldPlusRequired,DirectClassifier,0.625,probability,0.39580333264760337,0.17557948530753786,0.24325178582716986,67614,9034,2937,1924
Day0_FieldPlusRequired,DirectClassifier,0.65,probability,0.3528080641843242,0.1891891891891892,0.24630188137297143,69298,7350,3146,1715
Day0_FieldPlusRequired,DirectClassifier,0.675,probability,0.3013783172186793,0.2015685195376995,0.2415697914090197,70845,5803,3396,1465
Day0_FieldPlusRequired,DirectClassifier,0.7,probability,0.26311458547623945,0.22422861150070125,0.24212020823473734,72223,4425,3582,1279
Day0_FieldPlusRequired,DirectClassifier,0.725,probability,0.22443941575807447,0.24439964157706093,0.2339946380697051,73275,3373,3770,1091
Day0_FieldPlusRequired,DirectClassifier,0.75,probability,0.19358156757868752,0.27024698449167145,0.2255783291381997,74107,2541,3920,941
Day0_FieldPlusRequired,DirectClassifier,0.775,probability,0.15860933964204896,0.2958557175748273,0.20650863800723182,74813,1835,4090,771
Day0_FieldPlusRequired,DirectClassifier,0.8,probability,0.12734005348693683,0.34142305570877,0.1854959544501049,75454,1194,4242,619
Day0_FieldPlusRequired,DirectClassifier,0.825,probability,0.10183089899197696,0.37989255564082886,0.16060999351070734,75840,808,4366,495
Day0_FieldPlusRequired,DirectClassifier,0.85,probability,0.07693890146060481,0.40829694323144106,0.12947896832265882,76106,542,4487,374
Day0_FieldPlusRequired,DirectClassifier,0.875,probability,0.053692655832133306,0.4393939393939394,0.09569202566452796,76315,333,4600,261
Day0_FieldPlusRequired,DirectClassifier,0.9,probability,0.03229788109442502,0.5250836120401338,0.060852713178294576,76506,142,4704,157
Day0_FieldPlusRequired,DirectClassifier,0.925,probability,0.013371734211067682,0.5701754385964912,0.02613065326633166,76599,49,4796,65
Day0_FieldPlusRequired,DirectClassifier,0.95,probability,0.0008228759514503189,0.5714285714285714,0.0016433853738701725,76645,3,4857,4
Day7_FieldPlusRequired,RegressionMargin,-500.0,psi,0.13536309401357746,0.8225,0.23246776187952659,76506,142,4203,658
Day7_FieldPlusRequired,RegressionMargin,-450.0,psi,0.15284920798189672,0.8155872667398463,0.25744975744975745,76480,168,4118,743
Day7_FieldPlusRequired,RegressionMargin,-400.0,psi,0.1736268257560173,0.8138862102217936,0.28619871142760256,76455,193,4017,844
Day7_FieldPlusRequired,RegressionMargin,-350.0,psi,0.19954741822670233,0.8063175394846218,0.31992084432717677,76415,233,3891,970
Day7_FieldPlusRequired,RegressionMargin,-300.0,psi,0.22485085373379962,0.7926033357505439,0.3503205128205128,76362,286,3768,1093
Day7_FieldPlusRequired,RegressionMargin,-250.0,psi,0.25591442090104916,0.7731510254816656,0.38454404945904175,76283,365,3617,1244
Day7_FieldPlusRequired,RegressionMargin,-200.0,psi,0.2919152437770006,0.7511911064055056,0.42044444444444445,76178,470,3442,1419
Day7_FieldPlusRequired,RegressionMargin,-150.0,psi,0.3330590413495166,0.7389319945230488,0.4591605218377765,76076,572,3242,1619
Day7_FieldPlusRequired,RegressionMargin,-100.0,psi,0.3795515326064596,0.721830985915493,0.49750573007954696,75937,711,3016,1845
Day7_FieldPlusRequired,RegressionMargin,-50.0,psi,0.43530137831721866,0.6933158584534731,0.5348161253633261,75712,936,2745,2116
Day7_FieldPlusRequired,RegressionMargin,0.0,psi,0.4937255708701913,0.6674082313681868,0.5675771550195104,75452,1196,2461,2400
Day7_FieldPlusRequired,RegressionMargin,50.0,psi,0.5484468216416375,0.6145689257722453,0.5796282204587455,74976,1672,2195,2666
Day7_FieldPlusRequired,RegressionMargin,100.0,psi,0.6066652952067476,0.5672244662435084,0.5862823061630219,74398,2250,1912,2949
Day7_FieldPlusRequired,RegressionMargin,150.0,psi,0.6599465130631558,0.5205257179944832,0.5820029027576198,73693,2955,1653,3208
Day7_FieldPlusRequired,RegressionMargin,200.0,psi,0.7068504422958239,0.4768248681654177,0.5694870307450071,72878,3770,1425,3436
Day7_FieldPlusRequired,RegressionMargin,250.0,psi,0.7527257765891792,0.43794135248354277,0.5537227602905569,71952,4696,1202,3659
Day7_FieldPlusRequired,RegressionMargin,300.0,psi,0.7967496399917713,0.40657148855763175,0.5384027246820046,70995,5653,988,3873
Day7_FieldPlusRequired,RegressionMargin,350.0,psi,0.8356305286977989,0.37944885567491826,0.5219067197738662,70005,6643,799,4062
Day7_FieldPlusRequired,RegressionMargin,400.0,psi,0.8666940958650483,0.35267034990791896,0.5013387279109894,68915,7733,648,4213
Day7_FieldPlusRequired,RegressionMargin,450.0,psi,0.8926146883357334,0.32680575431196807,0.47844304774506563,67710,8938,522,4339
Day7_FieldPlusRequired,RegressionMargin,500.0,psi,0.9146266200370294,0.3018329938900204,0.45388188453881884,66364,10284,415,4446
Day7_FieldPlusRequired,RegressionMargin,550.0,psi,0.9296441061509977,0.2787441401431039,0.4288900488777108,64955,11693,342,4519
Day7_FieldPlusRequired,RegressionMargin,600.0,psi,0.9415758074470274,0.25663022147462855,0.4033309834332041,63390,13258,284,4577
Day7_FieldPlusRequired,RegressionMargin,650.0,psi,0.9516560378522938,0.23713348369899528,0.3796626861996799,61766,14882,235,4626
Day7_FieldPlusRequired,RegressionMargin,700.0,psi,0.9582390454638963,0.21878816345702207,0.3562387671599556,60016,16632,203,4658
Day7_FieldPlusRequired,RegressionMargin,750.0,psi,0.9656449290269492,0.20351181443745936,0.33617417460431137,58277,18371,167,4694
Day7_FieldPlusRequired,RegressionMargin,800.0,psi,0.9699650277720634,0.18886441017424394,0.31616710252799574,56398,20250,146,4715
Day7_FieldPlusRequired,RegressionMargin,850.0,psi,0.9744908455050401,0.17634576725485818,0.2986476688837752,54523,22125,124,4737
Day7_FieldPlusRequired,RegressionMargin,900.0,psi,0.977988068298704,0.16505798208457745,0.2824466030953866,52600,24048,107,4754
Day7_FieldPlusRequired,RegressionMargin,950.0,psi,0.9810738531166426,0.15585476649563712,0.26897913141567964,50818,25830,92,4769
Day7_FieldPlusRequired,RegressionMargin,1000.0,psi,0.983336761983131,0.1475673005680415,0.2566236276273052,49036,27612,81,4780
Day7_FieldPlusRequired,RegressionMargin,1050.0,psi,0.9851882328738942,0.1400988795600152,0.24531298022743572,47254,29394,72,4789
Day7_FieldPlusRequired,RegressionMargin,1100.0,psi,0.9864225468010698,0.13302815924538772,0.23443993546179046,45398,31250,66,4795
Day7_FieldPlusRequired,RegressionMargin,1150.0,psi,0.9874511417403826,0.12684319010623119,0.22480856145938224,43606,33042,61,4800
Day7_FieldPlusRequired,RegressionMargin,1200.0,psi,0.9893026126311458,0.12074116849531748,0.21521593197583352,41628,35020,52,4809
Day7_FieldPlusRequired,RegressionMargin,1250.0,psi,0.9899197695947336,0.11514991983536338,0.20630225080385853,39671,36977,49,4812
Day7_FieldPlusRequired,RegressionMargin,1300.0,psi,0.9915655214976342,0.11050990462215701,0.1988571900076325,37852,38796,41,4820
Day7_FieldPlusRequired,RegressionMargin,1350.0,psi,0.9923883974490846,0.10614562017294871,0.1917786435556969,36025,40623,37,4824
Day7_FieldPlusRequired,RegressionMargin,1400.0,psi,0.9927998354248098,0.10217216411906678,0.18527689797485364,34240,42408,35,4826
Day7_FieldPlusRequired,RegressionMargin,1450.0,psi,0.9934169923883974,0.0986416096415075,0.17946335662256577,32522,44126,32,4829
Day7_FieldPlusRequired,RegressionMargin,1500.0,psi,0.9938284303641226,0.09554795197879788,0.17433510158420842,30918,45730,30,4831
Day7_FieldPlusRequired,DirectClassifier,0.05,probability,0.9884797366796956,0.18127971025428205,0.3063729397137119,54947,21701,56,4805
Day7_FieldPlusRequired,DirectClassifier,0.075,probability,0.9849825138860316,0.2011764705882353,0.33411255713338683,57636,19012,73,4788
Day7_FieldPlusRequired,DirectClassifier,0.1,probability,0.981896729068093,0.216836271124841,0.3552264354556618,59409,17239,88,4773
Day7_FieldPlusRequired,DirectClassifier,0.125,probability,0.9777823493108414,0.22891682319510667,0.370980330939744,60638,16010,108,4753
Day7_FieldPlusRequired,DirectClassifier,0.15,probability,0.9728450936021394,0.23828479290537136,0.3828064920872627,61531,15117,132,4729
Day7_FieldPlusRequired,DirectClassifier,0.175,probability,0.9699650277720634,0.2469879518072289,0.39372051271345665,62273,14375,146,4715
Day7_FieldPlusRequired,DirectClassifier,0.2,probability,0.9670849619419872,0.25565586251903416,0.4044044905157211,62961,13687,160,4701
Day7_FieldPlusRequired,DirectClassifier,0.225,probability,0.9619419872454228,0.2628295205440953,0.41285537700865266,63533,13115,185,4676
Day7_FieldPlusRequired,DirectClassifier,0.25,probability,0.9580333264760338,0.27113414066138797,0.42265281118119524,64129,12519,204,4657
Day7_FieldPlusRequired,DirectClassifier,0.275,probability,0.9537132277309196,0.2787733012627781,0.43143641524359033,64654,11994,225,4636
Day7_FieldPlusRequired,DirectClassifier,0.3,probability,0.951038880888706,0.28680439233203053,0.4407054337464252,65152,11496,238,4623
Day7_FieldPlusRequired,DirectClassifier,0.325,probability,0.9479530960707674,0.29494975356845676,0.44991212653778556,65633,11015,253,4608
Day7_FieldPlusRequired,DirectClassifier,0.35,probability,0.9438387163135158,0.3033789592012167,0.4591673338670937,66113,10535,273,4588
Day7_FieldPlusRequired,DirectClassifier,0.375,probability,0.9382843036412261,0.31082186179637455,0.46695674430509343,66535,10113,300,4561
Day7_FieldPlusRequired,DirectClassifier,0.4,probability,0.9323184529932113,0.3189976772013796,0.4753513740297881,66973,9675,329,4532
Day7_FieldPlusRequired,DirectClassifier,0.425,probability,0.9259411643694713,0.32634860788863107,0.4826033345842492,67357,9291,360,4501
Day7_FieldPlusRequired,DirectClassifier,0.45,probability,0.9210039086607694,0.3349543618135568,0.4912492456246228,67759,8889,384,4477
Day7_FieldPlusRequired,DirectClassifier,0.475,probability,0.9135980250977165,0.3428549370802131,0.4985966094083305,68136,8512,420,4441
Day7_FieldPlusRequired,DirectClassifier,0.5,probability,0.9068092984982514,0.35143107709479393,0.5065502183406113,68513,8135,453,4408
Day7_FieldPlusRequired,DirectClassifier,0.525,probability,0.900637728862374,0.3619677552707731,0.5163953762679877,68931,7717,483,4378
Day7_FieldPlusRequired,DirectClassifier,0.55,probability,0.8936432832750463,0.37169504577735946,0.5250181290790428,69305,7343,517,4344
Day7_FieldPlusRequired,DirectClassifier,0.575,probability,0.8866488376877186,0.3811798001238171,0.533151904997526,69651,6997,551,4310
Day7_FieldPlusRequired,DirectClassifier,0.6,probability,0.8769800452581773,0.3912085895200514,0.5410585099631933,70014,6634,598,4263
Day7_FieldPlusRequired,DirectClassifier,0.625,probability,0.8671055338407735,0.402348224513173,0.5496511703723023,70387,6261,646,4215
Day7_FieldPlusRequired,DirectClassifier,0.65,probability,0.8582596173626825,0.4132738979692917,0.5579031826691628,70725,5923,689,4172
Day7_FieldPlusRequired,DirectClassifier,0.675,probability,0.8479736679695535,0.4253431018470746,0.5665200659703133,71079,5569,739,4122
Day7_FieldPlusRequired,DirectClassifier,0.7,probability,0.8362476856613865,0.4378500646273158,0.574761399787911,71429,5219,796,4065
Day7_FieldPlusRequired,DirectClassifier,0.725,probability,0.8220530754988685,0.44979738856371004,0.581447799199709,71760,4888,865,3996
Day7_FieldPlusRequired,DirectClassifier,0.75,probability,0.8080641843242131,0.4654028436018957,0.5906322832869709,72136,4512,933,3928
Day7_FieldPlusRequired,DirectClassifier,0.775,probability,0.7901666323801687,0.4820532128514056,0.5987995946683295,72521,4127,1020,3841
Day7_FieldPlusRequired,DirectClassifier,0.8,probability,0.7619831310429953,0.5002701242571583,0.6039951080309824,72948,3700,1157,3704
Day7_FieldPlusRequired,DirectClassifier,0.825,probability,0.7309195638757457,0.5228844738778513,0.6096431022649279,73406,3242,1308,3553
Day7_FieldPlusRequired,DirectClassifier,0.85,probability,0.6922443941575808,0.5486711234306212,0.6121520829543388,73880,2768,1496,3365
Day7_FieldPlusRequired,DirectClassifier,0.875,probability,0.6453404649249126,0.5789959394610558,0.6103706586243798,74367,2281,1724,3137
Day7_FieldPlusRequired,DirectClassifier,0.9,probability,0.5889734622505657,0.6270258431887867,0.6074042643470882,74945,1703,1998,2863
Day7_FieldPlusRequired,DirectClassifier,0.925,probability,0.5046286772269081,0.6759437861669881,0.5778563015312131,75472,1176,2408,2453
Day7_FieldPlusRequired,DirectClassifier,0.95,probability,0.39703764657477886,0.7394636015325671,0.5166644358184982,75968,680,2931,1930
Full_ContextPlusDay7,RegressionMargin,-500.0,psi,0.13844887883151616,0.8476070528967254,0.23801945181255527,76527,121,4188,673
Full_ContextPlusDay7,RegressionMargin,-450.0,psi,0.15367208393334705,0.8431151241534989,0.25996171915782146,76509,139,4114,747
Full_ContextPlusDay7,RegressionMargin,-400.0,psi,0.1793869574161695,0.847424684159378,0.2960950764006791,76491,157,3989,872
Full_ContextPlusDay7,RegressionMargin,-350.0,psi,0.20695330178975518,0.8390325271059216,0.332013201320132,76455,193,3855,1006
Full_ContextPlusDay7,RegressionMargin,-300.0,psi,0.23698827401769185,0.8305695746214852,0.3687580025608195,76413,235,3709,1152
Full_ContextPlusDay7,RegressionMargin,-250.0,psi,0.27340053486936844,0.8054545454545454,0.4082322223928736,76327,321,3532,1329
Full_ContextPlusDay7,RegressionMargin,-200.0,psi,0.3139271754782966,0.7870036101083032,0.44882352941176473,76235,413,3335,1526
Full_ContextPlusDay7,RegressionMargin,-150.0,psi,0.3567167249537132,0.7645502645502645,0.48646373965493056,76114,534,3127,1734
Full_ContextPlusDay7,RegressionMargin,-100.0,psi,0.40341493519851884,0.7388847023360965,0.5218895542248836,75955,693,2900,1961
Full_ContextPlusDay7,RegressionMargin,-50.0,psi,0.45505040115202633,0.7177157689811811,0.5569683998489235,75778,870,2649,2212
Full_ContextPlusDay7,RegressionMargin,0.0,psi,0.5149146266200371,0.6842536905412794,0.5876276558281488,75493,1155,2358,2503
Full_ContextPlusDay7,RegressionMargin,50.0,psi,0.5809504217239251,0.6412352406902816,0.6096060442525634,75068,1580,2037,2824
Full_ContextPlusDay7,RegressionMargin,100.0,psi,0.6358773914832339,0.5931682978315103,0.613780778395552,74528,2120,1770,3091
Full_ContextPlusDay7,RegressionMargin,150.0,psi,0.694095865048344,0.5462198478225676,0.6113426345352418,73845,2803,1487,3374
Full_ContextPlusDay7,RegressionMargin,200.0,psi,0.7449084550504012,0.5004145936981758,0.5986608249979334,73033,3615,1240,3621
Full_ContextPlusDay7,RegressionMargin,250.0,psi,0.7936638551738325,0.45117530113437027,0.5753056963912914,71955,4693,1003,3858
Full_ContextPlusDay7,RegressionMargin,300.0,psi,0.8362476856613865,0.41131235454821413,0.5514107433532285,70830,5818,796,4065
Full_ContextPlusDay7,RegressionMargin,350.0,psi,0.8664883768771857,0.3813145029875068,0.5295781731313258,69814,6834,649,4212
Full_ContextPlusDay7,RegressionMargin,400.0,psi,0.8954947541658095,0.35238403626649395,0.5057511327988846,68648,8000,508,4353
Full_ContextPlusDay7,RegressionMargin,450.0,psi,0.9175066858671055,0.3247178740444121,0.4796730479673048,67373,9275,401,4460
Full_ContextPlusDay7,RegressionMargin,500.0,psi,0.9347870808475622,0.2985153067927999,0.452522033560723,65970,10678,317,4544
Full_ContextPlusDay7,RegressionMargin,550.0,psi,0.9461016251800041,0.27545519885002395,0.4266827480632741,64551,12097,262,4599
Full_ContextPlusDay7,RegressionMargin,600.0,psi,0.9551532606459576,0.2544667324345062,0.4018695633357857,63045,13603,218,4643
Full_ContextPlusDay7,RegressionMargin,650.0,psi,0.9621477062332854,0.23447134907504888,0.377055788455337,61378,15270,184,4677
Full_ContextPlusDay7,RegressionMargin,700.0,psi,0.9687307138448878,0.21686469558809984,0.35439322671683915,59643,17005,152,4709
Full_ContextPlusDay7,RegressionMargin,750.0,psi,0.973050812590002,0.20055970149253732,0.3325716294603621,57794,18854,131,4730
Full_ContextPlusDay7,RegressionMargin,800.0,psi,0.9767537543715284,0.18676002045391968,0.3135649187689869,55973,20675,113,4748
Full_ContextPlusDay7,RegressionMargin,850.0,psi,0.9800452581773298,0.17508269018743108,0.2970908297215553,54202,22446,97,4764
Full_ContextPlusDay7,RegressionMargin,900.0,psi,0.9827196050195433,0.16458225667527993,0.2819453461606563,52400,24248,84,4777
Full_ContextPlusDay7,RegressionMargin,950.0,psi,0.985805389837482,0.15557431335627556,0.26873790763536437,50638,26010,69,4792
Full_ContextPlusDay7,RegressionMargin,1000.0,psi,0.9862168278132072,0.14699208928680935,0.25585056704469644,48828,27820,67,4794
Full_ContextPlusDay7,RegressionMargin,1050.0,psi,0.9876568607282452,0.13964514252472368,0.2446930506358146,47069,29579,60,4801
Full_ContextPlusDay7,RegressionMargin,1100.0,psi,0.9888911746554206,0.13263982781932065,0.23390589265729161,45214,31434,54,4807
Full_ContextPlusDay7,RegressionMargin,1150.0,psi,0.9903312075704588,0.12639151438773366,0.22417285617825794,43374,33274,47,4814
Full_ContextPlusDay7,RegressionMargin,1200.0,psi,0.991154083521909,0.12041989502624344,0.21474894698134653,41456,35192,43,4818
Full_ContextPlusDay7,RegressionMargin,1250.0,psi,0.9917712404854968,0.1152246653919694,0.20646238838568767,39629,37019,40,4821
Full_ContextPlusDay7,RegressionMargin,1300.0,psi,0.9930055544126722,0.11050065242771788,0.19887112722478575,37792,38856,34,4827
Full_ContextPlusDay7,RegressionMargin,1350.0,psi,0.9932112734005348,0.10611921927202392,0.19175089858410946,35980,40668,33,4828
Full_ContextPlusDay7,RegressionMargin,1400.0,psi,0.9938284303641226,0.1023885721552254,0.18565060333563907,34296,42352,30,4831
Full_ContextPlusDay7,RegressionMargin,1450.0,psi,0.994651306315573,0.09886110372748277,0.17984674899568517,32576,44072,26,4835
Full_ContextPlusDay7,RegressionMargin,1500.0,psi,0.9948570253034356,0.09574341714511977,0.1746762745841686,30974,45674,25,4836
Full_ContextPlusDay7,DirectClassifier,0.05,probability,0.9837481999588562,0.19777492865709914,0.3293388429752066,57251,19397,79,4782
Full_ContextPlusDay7,DirectClassifier,0.075,probability,0.9788109442501542,0.22288846207898066,0.3630952380952381,60059,16589,103,4758
Full_ContextPlusDay7,DirectClassifier,0.1,probability,0.9751080024686278,0.24021893371173728,0.3854755418208433,61656,14992,121,4740
Full_ContextPlusDay7,DirectClassifier,0.125,probability,0.970170746759926,0.2549051402626885,0.40373255714408013,62863,13785,145,4716
Full_ContextPlusDay7,DirectClassifier,0.15,probability,0.9672906809298498,0.2676609552000911,0.41929730693775635,63783,12865,159,4702
Full_ContextPlusDay7,DirectClassifier,0.175,probability,0.9646163340876363,0.27902409997024696,0.43284408751038495,64532,12116,172,4689
Full_ContextPlusDay7,DirectClassifier,0.2,probability,0.9600905163546596,0.28888888888888886,0.4441377997716026,65160,11488,194,4667
Full_ContextPlusDay7,DirectClassifier,0.225,probability,0.9565932935609957,0.2980196116131513,0.4544566067240031,65695,10953,211,4650
Full_ContextPlusDay7,DirectClassifier,0.25,probability,0.952478913803744,0.3063993117596453,0.4636491087522532,66167,10481,231,4630
Full_ContextPlusDay7,DirectClassifier,0.275,probability,0.9479530960707674,0.3145392491467577,0.47234893137204653,66606,10042,253,4608
Full_ContextPlusDay7,DirectClassifier,0.3,probability,0.9421929644106151,0.3223989863437984,0.4804111816226989,67022,9626,281,4580
Full_ContextPlusDay7,DirectClassifier,0.325,probability,0.9378728656655009,0.33029051655437225,0.48853407629661383,67404,9244,302,4559
Full_ContextPlusDay7,DirectClassifier,0.35,probability,0.9341699238839745,0.3397934750074828,0.4983264746227709,67825,8823,320,4541
Full_ContextPlusDay7,DirectClassifier,0.375,probability,0.9284097922238223,0.347528107192361,0.5057432621729142,68175,8473,348,4513
Full_ContextPlusDay7,DirectClassifier,0.4,probability,0.9228553795515326,0.3555802155992391,0.5133604165474623,68518,8130,375,4486
Full_ContextPlusDay7,DirectClassifier,0.425,probability,0.9170952478913804,0.36320677855629785,0.5203384884738839,68832,7816,403,4458
Full_ContextPlusDay7,DirectClassifier,0.45,probability,0.9111293972433656,0.3700083542188805,0.5262907729784326,69107,7541,432,4429
Full_ContextPlusDay7,DirectClassifier,0.475,probability,0.9055749845710759,0.3789600550964187,0.5343205680645748,69434,7214,459,4402
Full_ContextPlusDay7,DirectClassifier,0.5,probability,0.8994034149351985,0.38669732885193703,0.5408548277355106,69714,6934,489,4372
Full_ContextPlusDay7,DirectClassifier,0.525,probability,0.8930261263114585,0.3945646246137066,0.5473113534640358,69987,6661,520,4341
Full_ContextPlusDay7,DirectClassifier,0.55,probability,0.8854145237605431,0.403828110339651,0.5546749146207874,70294,6354,557,4304
Full_ContextPlusDay7,DirectClassifier,0.575,probability,0.8773914832339025,0.41303505713732325,0.5616645815500099,70587,6061,596,4265
Full_ContextPlusDay7,DirectClassifier,0.6,probability,0.8695741616951245,0.4226154769046191,0.5687949942811007,70873,5775,634,4227
Full_ContextPlusDay7,DirectClassifier,0.625,probability,0.8590824933141329,0.4332399626517274,0.576,71185,5463,685,4176
Full_ContextPlusDay7,DirectClassifier,0.65,probability,0.8485908249331413,0.4443127962085308,0.5832449628844114,71489,5159,736,4125
Full_ContextPlusDay7,DirectClassifier,0.675,probability,0.8387163135157375,0.4565509518477044,0.591255166412878,71795,4853,784,4077
Full_ContextPlusDay7,DirectClassifier,0.7,probability,0.8267846122197079,0.4706088992974239,0.5998059846280128,72127,4521,842,4019
Full_ContextPlusDay7,DirectClassifier,0.725,probability,0.8132071590207777,0.48331091820515953,0.6062883435582822,72422,4226,908,3953
Full_ContextPlusDay7,DirectClassifier,0.75,probability,0.7988068298703971,0.49961399897066394,0.614739175176126,72759,3889,978,3883
Full_ContextPlusDay7,DirectClassifier,0.775,probability,0.779263526023452,0.517203713817586,0.6217480508822323,73112,3536,1073,3788
Full_ContextPlusDay7,DirectClassifier,0.8,probability,0.7578687512857437,0.5351539802440441,0.627330779054917,73448,3200,1177,3684
Full_ContextPlusDay7,DirectClassifier,0.825,probability,0.7348282246451348,0.5570804741110418,0.6337266033886277,73808,2840,1289,3572
Full_ContextPlusDay7,DirectClassifier,0.85,probability,0.7074675992594116,0.5839701137714383,0.6398139534883721,74198,2450,1422,3439
Full_ContextPlusDay7,DirectClassifier,0.875,probability,0.671055338407735,0.6126972201352366,0.6405498281786941,74586,2062,1599,3262
Full_ContextPlusDay7,DirectClassifier,0.9,probability,0.6216827813207159,0.6505920344456405,0.6358089627603619,75025,1623,1839,3022
Full_ContextPlusDay7,DirectClassifier,0.925,probability,0.5400123431392717,0.6927949326999209,0.6069364161849711,75484,1164,2236,2625
Full_ContextPlusDay7,DirectClassifier,0.95,probability,0.43036412260851675,0.7571480275063337,0.5487932843651626,75977,671,2769,2092
